Week,Sales,,,,
1,17,,#N/A,#N/A,#N/A
2,21,,#N/A,19,17
3,19,,19,20,19.8
4,23,,21,21,19.24
5,18,,20,20.5,21.872
6,16,,19,17,19.1616
7,20,,18,18,16.94848
8,18,,18,19,19.084544
9,22,,20,20,18.3253632
10,20,,20,21,20.89760896
11,15,,19,17.5,20.26928269
12,22,,19,18.5,16.58078481